variable,count,mean,std,min,25%,50%,75%,max,original
dummy1,1000.0,-0.0003050457043169588,0.010283518945233869,-0.0357753241184344,-0.0070002531672132,-3.8237688258511815e-05,0.006707104258987275,0.0344069675486491,-0.0041708000365957
dummy2,1000.0,4.480039919115577e-05,0.011315990008979773,-0.0431762683288617,-0.00778359250850225,-0.0001513387433062,0.007129729190143575,0.0340322340101614,0.0076100045080266
x1,1000.0,-0.08646885004461802,3.073806824955085,-9.420217371607055,-2.0420301891132917,-0.10406353922620509,1.853087661389547,28.20522877301701,28.20522877301701
x2,1000.0,0.23637115497357586,8.026431779592077,-21.102957161220683,-4.921539001106046,0.13924737275319193,5.074345314651413,75.04920753987791,75.04920753987791
x3,1000.0,0.006631732749713798,1.9491827235769983,-5.347607404180962,-1.2683579857661684,-0.0561765169572025,1.1997105499222722,17.75488114091129,17.75488114091129
